Modelo,Ventana,MAE,MSE,RMSE,MAPE,R²,Épocas,Mejor época
A · LSTM base,12,19.856540695660016,624.5809057242305,24.991616708893215,3.4289498140281878,0.9037199022694633,60,50
A · LSTM base,24,20.116251922375543,652.6449993764278,25.54691761008415,3.4715729180643167,0.8993937794969149,45,35
A · LSTM base,48,21.062996357013176,718.416770752506,26.803297758904705,3.6314645173801243,0.8892549607818976,55,45
B · LSTM profunda,12,19.429773261642957,613.5146326377426,24.76922753413482,3.3654486858905064,0.90542578511749,54,44
B · LSTM profunda,24,20.05364836772596,659.7267270439886,25.685146038985035,3.4664254932336136,0.8983021203928904,42,32
B · LSTM profunda,48,20.681888207154504,681.3879999322625,26.103409737661906,3.5834794351546746,0.89496300219133,55,45
C · CNN-LSTM,12,19.74540350268267,641.7764886057844,25.333307889136474,3.4224259716137397,0.9010691769828012,56,46
C · CNN-LSTM,24,19.86299070673599,650.820012441667,25.51117426622434,3.4345754744410053,0.8996751040120023,66,56
C · CNN-LSTM,48,21.280430812561885,744.5552806700211,27.286540283993887,3.68257856478685,0.8852256696743335,51,41
Persistencia (referencia),1,35.5017754318618,1963.2522571017273,44.30860251804075,6.068957818077127,0.6973616749230092,0,0
